product,title,rating,body
"Prostuff.in 2 PCS Ergonomic Bed Wedge Mattress Wedge Elevator, Mattress Lifter for Changing Sheets, Use to Easy Bed Making...","3.0 out of 5 stars
Okay",3.0,"Just ok product
Read more"
"Prostuff.in 2 PCS Ergonomic Bed Wedge Mattress Wedge Elevator, Mattress Lifter for Changing Sheets, Use to Easy Bed Making...","3.0 out of 5 stars
You need strong wrists.",3.0,"It looks like a good idea. But my 80 year old arms aren't strong enough to lift the mattress. I'm practicing but still can't do it... pass on this.
Read more"
"Prostuff.in 2 PCS Ergonomic Bed Wedge Mattress Wedge Elevator, Mattress Lifter for Changing Sheets, Use to Easy Bed Making...","1.0 out of 5 stars
Bad product",1.0,"Does not serve the purpose
Read more"
Comfort Mosquito Net- 6 x 7 Ivory (Foldable Large usable on Floor / Ground / Terrace),"5.0 out of 5 stars
It's good quality",5.0,"Good Quality serves the purpose
Read more"
Comfort Mosquito Net- 6 x 7 Ivory (Foldable Large usable on Floor / Ground / Terrace),"4.0 out of 5 stars
The product is as described, but quality of net is above avg",4.0,"The product is as described, but quality of net is above avg
Read more"
Comfort Mosquito Net- 6 x 7 Ivory (Foldable Large usable on Floor / Ground / Terrace),"1.0 out of 5 stars
Very difficult to carry",1.0,"Because the product is too weight to carry and very difficult to handle it regularly.
Read more"
Comfort Mosquito Net- 6 x 7 Ivory (Foldable Large usable on Floor / Ground / Terrace),"1.0 out of 5 stars
Don't waste your money",1.0,"This product fell down and does not hold its shape.dont waste your money
Read more"
"Colorish Cotton Blend Jaipuri Floral Printed Double Bedsheet King Size with 2 Pillow Covers, Pink Touch","3.0 out of 5 stars
Not good",3.0,"Size is short
Read more"
"Colorish Cotton Blend Jaipuri Floral Printed Double Bedsheet King Size with 2 Pillow Covers, Pink Touch","1.0 out of 5 stars
Review of the material is not upto it's quality and design",1.0,"Dislike design quality of the product in colour,fit
Read more"
"Colorish Cotton Blend Jaipuri Floral Printed Double Bedsheet King Size with 2 Pillow Covers, Pink Touch","2.0 out of 5 stars
Colors are different from what is being shown in the image",2.0,"Colors are different from what is being shown in the image
Read more"
"Colorish Cotton Blend Jaipuri Floral Printed Double Bedsheet King Size with 2 Pillow Covers, Pink Touch","1.0 out of 5 stars
Quality and pricing",1.0,"Very small size even though I bought King size.Not happy with the product.  Pillows doesn't even fit into the pillow cover!
Read more"
"Colorish Cotton Blend Jaipuri Floral Printed Double Bedsheet King Size with 2 Pillow Covers, Pink Touch","3.0 out of 5 stars
Good product",3.0,"Pure cotton it is.But slightly less size than king bed size(more than queen size).After first was color fades minutely.Other than size issue overall good product.
Read more"
"Colorish Cotton Blend Jaipuri Floral Printed Double Bedsheet King Size with 2 Pillow Covers, Pink Touch","1.0 out of 5 stars
Poor Fabric Quality",1.0,"After washing, the bed sheet felt rough and flimsy. The print appears smugged across and also has stains that don't go after washing.
Read more"
"Colorish Cotton Blend Jaipuri Floral Printed Double Bedsheet King Size with 2 Pillow Covers, Pink Touch","1.0 out of 5 stars
Please don't buy",1.0,"Colour fades after one wash and it srink after washing it.
Read more"
"Colorish Cotton Blend Jaipuri Floral Printed Double Bedsheet King Size with 2 Pillow Covers, Pink Touch","1.0 out of 5 stars
Damaged",1.0,"The media could not be loaded.
                



¬†This is freshly openly piece , looked like it‚Äôs damaged badly
Read more"
"Colorish 120 TC Cotton Blend Floral Motif Printed Jaipuri Bedsheet for Double Bed King Size with 2 Pillow Covers, Sky Blue","1.0 out of 5 stars
Disappointed",1.0,"I was disappointed with this bed sheet. The color appeared much duller than advertised, lacking vibrancy and freshness. Additionally, the cotton material felt rough and low quality, not as soft and comfortable as I expected. Despite washing it, the texture remained coarse and not suitable for a good night's sleep. I wouldn't recommend this bed sheet for those looking for a high-quality, cozy addition to their bedroom.
Read more"
"Colorish 120 TC Cotton Blend Floral Motif Printed Jaipuri Bedsheet for Double Bed King Size with 2 Pillow Covers, Sky Blue","2.0 out of 5 stars
Appearance is not good",2.0,"The media could not be loaded.
                



¬†Appearance is not good as seen in picture....material is good
Read more"
"Colorish 120 TC Cotton Blend Floral Motif Printed Jaipuri Bedsheet for Double Bed King Size with 2 Pillow Covers, Sky Blue","4.0 out of 5 stars
Colour is slightly different",4.0,"It's nice but dark blue is not that blue that is shown
Read more"
"Colorish 120 TC Cotton Blend Floral Motif Printed Jaipuri Bedsheet for Double Bed King Size with 2 Pillow Covers, Sky Blue","3.0 out of 5 stars
Anonymous",3.0,"Poor fabric quality but print looks fresh so can be used on daily purpose . It can lasts for 5-6 months on daily use.
Read more"
"Colorish 120 TC Cotton Blend Floral Motif Printed Jaipuri Bedsheet for Double Bed King Size with 2 Pillow Covers, Sky Blue","4.0 out of 5 stars
Good",4.0,"Satisfied
Read more"
"Colorish 120 TC Cotton Blend Floral Motif Printed Jaipuri Bedsheet for Double Bed King Size with 2 Pillow Covers, Sky Blue","3.0 out of 5 stars
Its not king size not even queen size dont but if you have a big bed ....",3.0,"Everything is ok except for the size not of the size that is mentioned above
Read more"
"Colorish 120 TC Cotton Blend Floral Motif Printed Jaipuri Bedsheet for Double Bed King Size with 2 Pillow Covers, Sky Blue","4.0 out of 5 stars
Looks decent",4.0,"Decent bedsheet. Not a fan of the print
Read more"
"Colorish 120 TC Cotton Blend Floral Motif Printed Jaipuri Bedsheet for Double Bed King Size with 2 Pillow Covers, Sky Blue","1.0 out of 5 stars
Bad product",1.0,"Don't buy this product.. The material is not good..and colour is not as shown in image.
Read more"
"Amazon Basics Microfiber Picnic Blanket with waterproof backing, 150 x 195 cm, Multicolour","5.0 out of 5 stars
Product is perfect for family of 4",5.0,"This picnic blanket is helpful in travelling and in random spaces.The microfiber on the one side is smooth and good for the baby.Quality is far better.
Read more"
"Amazon Basics Microfiber Picnic Blanket with waterproof backing, 150 x 195 cm, Multicolour","4.0 out of 5 stars
Lingth is little short  but quality is beat",4.0,"Keep going
Read more"
"Amazon Basics Microfiber Picnic Blanket with waterproof backing, 150 x 195 cm, Multicolour","5.0 out of 5 stars
comfortable, durable, and waterproof",5.0,"I recently purchased the Microfiber Picnic Blanket with waterproof backing and I have to say I am impressed! The fabric is soft and comfortable and the waterproof backing was a great feature for keeping us dry during our picnic. The extra large size was great for our group of six and it was easy to fold and store. I would highly recommend this blanket for anyone looking for a picnic blanket that is comfortable, durable, and waterproof.
Read more"
"Amazon Basics Microfiber Picnic Blanket with waterproof backing, 150 x 195 cm, Multicolour","5.0 out of 5 stars
Worth it",5.0,"Liked quality üëç, liked it, big size is enough, soft non plastic. Blanket type. And Silver Base. I Got what I want.
Read more"
"Amazon Basics Microfiber Picnic Blanket with waterproof backing, 150 x 195 cm, Multicolour","3.0 out of 5 stars
Dhalai ke bad khrab ho gaya h",3.0,"Safai mushkil h
Read more"
"Amazon Basics Microfiber Picnic Blanket with waterproof backing, 150 x 195 cm, Multicolour","4.0 out of 5 stars
Great for taking on long journeys",4.0,"I really like this product because it is very big and can be rolled into a small space and can be carried around. It's comfortable but it gets a bit hot sometimes. Other than that, It's a really good product.
Read more"
"Amazon Basics Microfiber Picnic Blanket with waterproof backing, 150 x 195 cm, Multicolour","5.0 out of 5 stars
Wonderful",5.0,"It's strong, neat, wide, easily foldable, carryable, and very useful. Material is good, Aluminum foiled base is wonderful, for not to get dirty.
Read more"
"Amazon Basics Microfiber Picnic Blanket with waterproof backing, 150 x 195 cm, Multicolour","5.0 out of 5 stars
Does the job - easy to use and clean",5.0,"Perfect picnic blanket - we have 2 and use it every weekend and when we travel. Great to keep in car or take to beach.
Read more"
"haus & kinder Candy Polka 100% Cotton Single Bedsheet for Kids Room with 1 Pillow Cover, 186 TC, Size 88 Inch by 57 Inch (...","5.0 out of 5 stars
Bedsheet",5.0,"Nice and soft bedsheet, comfortable fabric ..
Read more"
"haus & kinder Candy Polka 100% Cotton Single Bedsheet for Kids Room with 1 Pillow Cover, 186 TC, Size 88 Inch by 57 Inch (...","4.0 out of 5 stars
Good",4.0,"Quality and design are good. However the colour in the image looks to be baby blue. But in reality it is a bit darker
Read more"
"haus & kinder Candy Polka 100% Cotton Single Bedsheet for Kids Room with 1 Pillow Cover, 186 TC, Size 88 Inch by 57 Inch (...","5.0 out of 5 stars
Excellent bed ware",5.0,"Good and sturdy fabric, also soft and comfortable to sleep on.
Read more"
"haus & kinder Candy Polka 100% Cotton Single Bedsheet for Kids Room with 1 Pillow Cover, 186 TC, Size 88 Inch by 57 Inch (...","3.0 out of 5 stars
They Shrink drastically",3.0,"These cotton bedsheets are beautiful looking. But mine shrinked so much in first wash, that it became useless for me.
Read more"
"haus & kinder Candy Polka 100% Cotton Single Bedsheet for Kids Room with 1 Pillow Cover, 186 TC, Size 88 Inch by 57 Inch (...","5.0 out of 5 stars
Quality",5.0,"After use I found that this product is very good and fabric quality also very good. After that I have purchased one more bedsheet of this brand . I recommend for purchase this product.
Read more"
"haus & kinder Candy Polka 100% Cotton Single Bedsheet for Kids Room with 1 Pillow Cover, 186 TC, Size 88 Inch by 57 Inch (...","1.0 out of 5 stars
Quality is not good",1.0,"Not using it. Sub standard product
Read more"
"haus & kinder Candy Polka 100% Cotton Single Bedsheet for Kids Room with 1 Pillow Cover, 186 TC, Size 88 Inch by 57 Inch (...","4.0 out of 5 stars
Good quality cotton",4.0,"This was surprise gift with the purchase of other sheets. Quality and feel of fabric is good. Colour is also good.
Read more"
"haus & kinder Candy Polka 100% Cotton Single Bedsheet for Kids Room with 1 Pillow Cover, 186 TC, Size 88 Inch by 57 Inch (...","5.0 out of 5 stars
Soft and Smooth",5.0,"Soft and Smooth
Read more"
"OYO BABY - Quickly Dry Super Soft Waterproof and Reusable Mat/Underpad/Absorbent Sheets/Mattress Protector (Small, OYO BAB...","5.0 out of 5 stars
Good And Nice Product",5.0,"The Quality of this dry sheet is very good.It's very comfortable and very soft and value for money
Read more"
"OYO BABY - Quickly Dry Super Soft Waterproof and Reusable Mat/Underpad/Absorbent Sheets/Mattress Protector (Small, OYO BAB...","4.0 out of 5 stars
Good quality",4.0,"Affordable price...good quality...saves the work...fair length
Read more"
"OYO BABY - Quickly Dry Super Soft Waterproof and Reusable Mat/Underpad/Absorbent Sheets/Mattress Protector (Small, OYO BAB...","5.0 out of 5 stars
Very comfortable & useful for babyüëç",5.0,"Product is very good material with soft & comfortable for babyLeakage proof üëç
Read more"
"OYO BABY - Quickly Dry Super Soft Waterproof and Reusable Mat/Underpad/Absorbent Sheets/Mattress Protector (Small, OYO BAB...","5.0 out of 5 stars
Good product",5.0,"Good for baby and comfortable.
Read more"
"OYO BABY - Quickly Dry Super Soft Waterproof and Reusable Mat/Underpad/Absorbent Sheets/Mattress Protector (Small, OYO BAB...","3.0 out of 5 stars
Very good",3.0,"Excellent during winters not for summer
Read more"
"OYO BABY - Quickly Dry Super Soft Waterproof and Reusable Mat/Underpad/Absorbent Sheets/Mattress Protector (Small, OYO BAB...","5.0 out of 5 stars
Excellent product",5.0,"OYO Baby Dry Sheets:""I recently purchased the OYO Baby Dry Sheets for my little one, and I must say, I am extremely impressed! These sheets are not only super soft and comfortable but also highly absorbent. They have been a lifesaver, protecting my baby's mattress from leaks and spills. The best part is that they are easy to clean and maintain. I highly recommend the OYO Baby Dry Sheets to all parents looking for a reliable and durable solution for their baby's bedding needs.""
Read more"
"OYO BABY - Quickly Dry Super Soft Waterproof and Reusable Mat/Underpad/Absorbent Sheets/Mattress Protector (Small, OYO BAB...","4.0 out of 5 stars
It absorbs some amount of water",4.0,"Yes, it is good, useful after the delivery.
Read more"
"OYO BABY - Quickly Dry Super Soft Waterproof and Reusable Mat/Underpad/Absorbent Sheets/Mattress Protector (Small, OYO BAB...","5.0 out of 5 stars
Good quality",5.0,"Very comfortable and easy to use recommend to all
Read more"
60 Quick Baby Knits,"5.0 out of 5 stars
Value for money !",5.0,"Clear instructions. Contemporary designs . Amazing colour combinations in wool used
Read more"
60 Quick Baby Knits,"5.0 out of 5 stars
Knitters Book",5.0,"Nice patterns!
Read more"
60 Quick Baby Knits,"4.0 out of 5 stars
Nice book",4.0,"The book covers a lot of designs but I feel it‚Äôs over prized
Read more"
60 Quick Baby Knits,"3.0 out of 5 stars
Good but not for beginners",3.0,"Found the book as it was mentioned but only thing is that lots of pattern need dpn double pointed needles.
Read more"
60 Quick Baby Knits,"4.0 out of 5 stars
A wide variety of designs",4.0,"There are many different wearables to knit. And many designs too. Simple things to start with, and more complex designs, but definitely doable.
Read more"
60 Quick Baby Knits,"3.0 out of 5 stars
not recommended for beginners",3.0,"the book is very good but i will definitely not recommend this for beginners. This is more for experienced ones.
Read more"
Fashion Hub TI AMO Mandala Tapestry Cotton Wall Hanging Tapestry (84 x 54 inch Multicolour),"5.0 out of 5 stars
Beautiful, go for it.",5.0,Read more
Fashion Hub TI AMO Mandala Tapestry Cotton Wall Hanging Tapestry (84 x 54 inch Multicolour),"5.0 out of 5 stars
so louve the mandala bed spread",5.0,"I just love the mandala prints and the product did full justice to the same...going to order many more ‚ô°‚ô°‚ô°
Read more"
"BAYBEE 3 in 1 Baby's Cotton Bed Cum Carry Bed, Printed Baby Sleeping Bag-Baby Bed, Travel Friendly Infant Portable Bassine...","5.0 out of 5 stars
Amazing",5.0,"Very good,
Read more"
"BAYBEE 3 in 1 Baby's Cotton Bed Cum Carry Bed, Printed Baby Sleeping Bag-Baby Bed, Travel Friendly Infant Portable Bassine...","4.0 out of 5 stars
Size not enough",4.0,"Good quality and very comfort sleep for baby  weighing 3-4 kg and makes baby feel warm.Big issue is the size not endurable for more than 1 month if baby is healthy initially it will make him uncomfortable.Not suitable for healthY babies
Read more"
"BAYBEE 3 in 1 Baby's Cotton Bed Cum Carry Bed, Printed Baby Sleeping Bag-Baby Bed, Travel Friendly Infant Portable Bassine...","5.0 out of 5 stars
Nice product n very use full",5.0,"This is a good production and it is soft and comfortable to the children's body. My son is 3 months old. He is now turning but I am not stressed because the bed is covered by a zipper so that my son  Can not fall under the bed, there are 3 types of parts available in it, we can also make it cap. Second zipper can also be enlarged by shell and third we can also cover it with zipper. Its color is very good as it came out better than I thought, thanks Baybee Carey beds
Read more"
"BAYBEE 3 in 1 Baby's Cotton Bed Cum Carry Bed, Printed Baby Sleeping Bag-Baby Bed, Travel Friendly Infant Portable Bassine...","3.0 out of 5 stars
Only for new born babies.",3.0,"Product not fit for 2 months child. As it is mentioned fit for 0 to 6 months child. It is only for new born babies. It should come in bigger size.
Read more"
"BAYBEE 3 in 1 Baby's Cotton Bed Cum Carry Bed, Printed Baby Sleeping Bag-Baby Bed, Travel Friendly Infant Portable Bassine...","5.0 out of 5 stars
Good product",5.0,"Very nice baby carry bag. Very useful product. I gifted this to my elder sister for her baby. This is soft, comfortable and within budget.
Read more"
"BAYBEE 3 in 1 Baby's Cotton Bed Cum Carry Bed, Printed Baby Sleeping Bag-Baby Bed, Travel Friendly Infant Portable Bassine...","1.0 out of 5 stars
Qualtity issue",1.0,"Cheap quality
Read more"
"BAYBEE 3 in 1 Baby's Cotton Bed Cum Carry Bed, Printed Baby Sleeping Bag-Baby Bed, Travel Friendly Infant Portable Bassine...","4.0 out of 5 stars
Best Baby Bed",4.0,"Bought for my sister's new born baby, she liked it alot as it has great space and nice design to keep baby safe while in carrying, pure soft cotton quality is premium, blue bed looks funky and attractive.
Read more"
"BAYBEE 3 in 1 Baby's Cotton Bed Cum Carry Bed, Printed Baby Sleeping Bag-Baby Bed, Travel Friendly Infant Portable Bassine...","5.0 out of 5 stars
Good quality and nice colour",5.0,"Good quality sleeping bag, sturdy and nice colour. However the colour transfers on your hand a little after holding it for long time.
Read more"
Furbo Mulberry Silk Pillow Cover Pure Silk Pillow Cases for Hair and Skin Anti Aging Anti Hair Fall Anti Acne 22 Momme 6A ...,"5.0 out of 5 stars
Its original mulberry silk",5.0,"One side is original mulberry silk which is super soft.Stitching is single threaded.
Read more"
Furbo Mulberry Silk Pillow Cover Pure Silk Pillow Cases for Hair and Skin Anti Aging Anti Hair Fall Anti Acne 22 Momme 6A ...,"5.0 out of 5 stars
Good Quality with comfort",5.0,"Value for money‚Ä¶ great product with excellent quality üëç
Read more"
Furbo Mulberry Silk Pillow Cover Pure Silk Pillow Cases for Hair and Skin Anti Aging Anti Hair Fall Anti Acne 22 Momme 6A ...,"5.0 out of 5 stars
Good soft silk pillow covers",5.0,"Pro: good color , soft silk , good for hair , stays coolCons : threading could be better
Read more"
Furbo Mulberry Silk Pillow Cover Pure Silk Pillow Cases for Hair and Skin Anti Aging Anti Hair Fall Anti Acne 22 Momme 6A ...,"4.0 out of 5 stars
Worth buying",4.0,"Worth buying this super soft silk pillow cover. I bought it to reduce hair fall , found it quite effective , i could see lesser  broken hair on pillow in the morning.  Thanks for providing this product
Read more"
Furbo Mulberry Silk Pillow Cover Pure Silk Pillow Cases for Hair and Skin Anti Aging Anti Hair Fall Anti Acne 22 Momme 6A ...,"5.0 out of 5 stars
Fabulous Furbo Mulberry Silk pillow cases",5.0,"My skin is smooth after a night‚Äôs sleep with these cool and smooth silk pillowcases. Luscious colors, high quality weave. Durable, long lasting and easy to hand wash and dry.  I will buy many colors.
Read more"
Furbo Mulberry Silk Pillow Cover Pure Silk Pillow Cases for Hair and Skin Anti Aging Anti Hair Fall Anti Acne 22 Momme 6A ...,"5.0 out of 5 stars
Original mulberry silk",5.0,"Loved the product! Such good quality and original mulberry silk
Read more"
Furbo Mulberry Silk Pillow Cover Pure Silk Pillow Cases for Hair and Skin Anti Aging Anti Hair Fall Anti Acne 22 Momme 6A ...,"5.0 out of 5 stars
Good quality",5.0,"I really liked the quality, very soft and delicate
Read more"
Furbo Mulberry Silk Pillow Cover Pure Silk Pillow Cases for Hair and Skin Anti Aging Anti Hair Fall Anti Acne 22 Momme 6A ...,"1.0 out of 5 stars
NOT 100% silk",1.0,"After receiving the product I was not fully convinced that it is 100% silk. Then I read the description of product carefully, it says ‚ÄúOne side silk only‚Äù. Which means it is NOT 100% silk.
Read more"
"True Paisa Premium Poly Cotton Elastic Fitted 360 Degree All Around bedsheets King Size , Fitted bedsheets King Size with ...","4.0 out of 5 stars
No doubts",4.0,"Good material soft as mentioned the description  .fits a king size bed  but I little loose from the sides the elastic  as to be more tightet ...over all good
Read more"
Cotton Villas 3D Printed Microfiber Green White Floweri Bedsheet for Double Bed with 2 Pillow Cover Microfiber and Cotton ...,"1.0 out of 5 stars
Don't porvide the same color",1.0,"The prodcut is not the same at all., I ordered green color bedsheet and I have received grey color.,I dont know why amazon is keeping suck poor quality products... Waste of money, cheap product, quality is worst..
Read more"
Cotton Villas 3D Printed Microfiber Green White Floweri Bedsheet for Double Bed with 2 Pillow Cover Microfiber and Cotton ...,"1.0 out of 5 stars
Poor quality and colour",1.0,"Not good material
Read more"
"Goyal's ¬Æ Polar Fleece 250 TC Blanket (Single Bed, Olive Green)","5.0 out of 5 stars
Good product",5.0,"Good
Read more"
"Goyal's ¬Æ Polar Fleece 250 TC Blanket (Single Bed, Olive Green)","3.0 out of 5 stars
Could be better",3.0,"Looks normal. But the thickness could be as much as 1mm. Do know would help delhi cold climate. Should be as thick of material border. Would work as use and throw. Couple of year back bought a colourful blanket from a street vendor. Packing is terrific, packed tight so that could not find which one is courier cover, material cover and the material itself. Slow and steady cut opened the package.
Read more"
"Goyal's ¬Æ Polar Fleece 250 TC Blanket (Single Bed, Olive Green)","4.0 out of 5 stars
Comfy and very light",4.0,"Very light and super soft. True colour. Proper value for money. Very happy with my purchase. Great for travel as well because it dries quickly when washed plus will not weigh your suitcase down.
Read more"
"Goyal's ¬Æ Polar Fleece 250 TC Blanket (Single Bed, Olive Green)","5.0 out of 5 stars
Every Penny Worth It",5.0,"Well if you trust me, then just go for it. This blanket is just too good. Its thickness and dimensions are perfect. The price of it adds to the comfort. I wish this blanket was available in beige or light blue colour. But anyways, a superb product. Thank you Amazon.
Read more"
"Goyal's ¬Æ Polar Fleece 250 TC Blanket (Single Bed, Olive Green)","1.0 out of 5 stars
Avoidable",1.0,"Disappointed with the product. Very flimsy. Avoidable purchase.
Read more"
"Goyal's ¬Æ Polar Fleece 250 TC Blanket (Single Bed, Olive Green)","5.0 out of 5 stars
Very nice.",5.0,"It is a very nice blanket according to my expectation
Read more"
"Goyal's ¬Æ Polar Fleece 250 TC Blanket (Single Bed, Olive Green)","3.0 out of 5 stars
Good",3.0,"It is soft and warmth..but not sure if this would get bobbling after a wash.
Read more"
"Goyal's ¬Æ Polar Fleece 250 TC Blanket (Single Bed, Olive Green)","4.0 out of 5 stars
Poor performance",4.0,"Poor performance...
Read more"
SYNEX All-Weather Beautiful Cartoon Print Microfiber Lightweight Reversible Single Bed AC Dohar | Blanket (Princess Magic ...,"5.0 out of 5 stars
Good",5.0,"Excellent
Read more"
"Ans Mosquito net Fine Polycotton net Pink with Cotton Border (Pink, 5 x 6.5 ft Queen Size Bed net)","4.0 out of 5 stars
Good quality",4.0,"Good built. The texture is good and the strip has stitched with a cotton cloth on the corner, it is strengthened further.
Read more"
"Linenwalas Cotton Plain Bedsheet with 1 Pillow Cover - Solid Off White - 72"" x 90""","1.0 out of 5 stars
Misleading claim on material quality",1.0,"The material does not look or feel like 100% cotton as claimed.
Read more"
Selective Premium Super Soft Microfibre Winter Heavy Quilt (Razai),"5.0 out of 5 stars
So warm so soft and light weight",5.0,"Good quilt.
Read more"
Selective Premium Super Soft Microfibre Winter Heavy Quilt (Razai),"4.0 out of 5 stars
Good quality",4.0,"Warm, comfortable
Read more"
Selective Premium Super Soft Microfibre Winter Heavy Quilt (Razai),"5.0 out of 5 stars
Nice Product at reasonable price",5.0,"Big size suitable for two Adults.....thick . Not five inches but certainly 2 -3 inches.....Only disadvantage is its somewhat heavy. So old aged person may feel uncomfortable while folding it.
Read more"
Selective Premium Super Soft Microfibre Winter Heavy Quilt (Razai),"3.0 out of 5 stars
Product is not good",3.0,"Dislike
Read more"
Selective Premium Super Soft Microfibre Winter Heavy Quilt (Razai),"1.0 out of 5 stars
Worst product",1.0,"I purchased this product after observing no of ratings and review but got highly disappointed when I received this product.Thickness is only at edges, while in between stuff is very thin. So if you are from North India and expecting it in high winter, it will not work. It is simply like a blanket and can be use only in moderate winter. Quilt was torn at multiple place.
Read more"
Selective Premium Super Soft Microfibre Winter Heavy Quilt (Razai),"5.0 out of 5 stars
Nice product",5.0,"Blanket is too good. Size is also extra large. Very warm in 4 degree temperature. Writing it after using it two season of cold .
Read more"
Selective Premium Super Soft Microfibre Winter Heavy Quilt (Razai),"4.0 out of 5 stars
Good",4.0,"Good  and Okay product
Read more"
JAIPURI Roman Home Super Soft Microfibre Kids Design Print Reversible Single Bed Dohar/Blanket/AC Dohar Gift for boy or Gi...,"5.0 out of 5 stars
Great Product",5.0,"This product is really awesome, my kids are loving it. Print is good and product has smooth and comfortable. A must buy
Read more"
JAIPURI Roman Home Super Soft Microfibre Kids Design Print Reversible Single Bed Dohar/Blanket/AC Dohar Gift for boy or Gi...,"2.0 out of 5 stars
Bad quality",2.0,"The product seems old with few wash only
Read more"
JAIPURI Roman Home Super Soft Microfibre Kids Design Print Reversible Single Bed Dohar/Blanket/AC Dohar Gift for boy or Gi...,"5.0 out of 5 stars
Nice comforter",5.0,"Like
Read more"
Selective Premium Super Soft Microfibre Winter Heavy Quilt (Razai),"5.0 out of 5 stars
AMAZING",5.0,"AMAZING PRODUCT IN CHEAP PRICE .. WARM yes COMFORT yes SIZE good ... value for money
Read more"
GREEN TREE GOLD LIGHT QUARTER WALNUT KERNELS (250),"4.0 out of 5 stars
Nice Tasty Fresh walnuts, loved it",4.0,"Pros:FreshTastyValue for moneyPacking is goodAir tight packedCons:Broken pieces are moreSuggestionsMake the box sealed with your logo if you are a startup
Read more"
GREEN TREE GOLD LIGHT QUARTER WALNUT KERNELS (250),"5.0 out of 5 stars
Good",5.0,"Overall the product is ok....But price seems to be high when compared with provided quality of walnuts üôÜ
Read more"
GREEN TREE GOLD LIGHT QUARTER WALNUT KERNELS (250),"3.0 out of 5 stars
Not expected",3.0,"Test is not good as expected and smell like old stock material. 20% walnuts are dust and rest not 1/4 size, these are too small as you see in the picture.
Read more"
GREEN TREE GOLD LIGHT QUARTER WALNUT KERNELS (250),"4.0 out of 5 stars
Not good",4.0,"Not good
Read more"
GREEN TREE GOLD LIGHT QUARTER WALNUT KERNELS (250),"2.0 out of 5 stars
Waste of money",2.0,"Not so good most of pieces broken and crushed and there's y rotten Smell is there not happy with this product
Read more"
GREEN TREE GOLD LIGHT QUARTER WALNUT KERNELS (250),"5.0 out of 5 stars
Good Product",5.0,"Taste is good
Read more"
GREEN TREE GOLD LIGHT QUARTER WALNUT KERNELS (250),"1.0 out of 5 stars
Waist of money don't buy any one please it's request",1.0,"Loss of money
Read more"
GREEN TREE GOLD LIGHT QUARTER WALNUT KERNELS (250),"3.0 out of 5 stars
Packaging and delivery were great but taste could be better.",3.0,"Packaging was great. Delivery was prompt.
Read more"
MallowWorld Kids Cartoon Beautiful Teddy Print Kids Bedsheet 1 Single Bedsheet with 1 Pillow Cover Size 60 inch x 90 inch,"5.0 out of 5 stars
Good",5.0,"The product is nice and worthy
Read more"
MallowWorld Kids Cartoon Beautiful Teddy Print Kids Bedsheet 1 Single Bedsheet with 1 Pillow Cover Size 60 inch x 90 inch,"4.0 out of 5 stars
Good to buy for kid bedroom",4.0,"Quality and size of the bedsheet is good
Read more"
MallowWorld Kids Cartoon Beautiful Teddy Print Kids Bedsheet 1 Single Bedsheet with 1 Pillow Cover Size 60 inch x 90 inch,"3.0 out of 5 stars
Average",3.0,"Print is good.. Color is average. Overall quality is not upto the mark as compared to price.
Read more"
MallowWorld Kids Cartoon Beautiful Teddy Print Kids Bedsheet 1 Single Bedsheet with 1 Pillow Cover Size 60 inch x 90 inch,"1.0 out of 5 stars
Bedsheet",1.0,"Poor quality...not buy
Read more"
MallowWorld Kids Cartoon Beautiful Teddy Print Kids Bedsheet 1 Single Bedsheet with 1 Pillow Cover Size 60 inch x 90 inch,"5.0 out of 5 stars
Awsome.",5.0,"Too good material , soft n comfortable, it's ploy cotton thick material. Price is really üëå worthful. Can add to ur lil one bedroom..
Read more"
MallowWorld Kids Cartoon Beautiful Teddy Print Kids Bedsheet 1 Single Bedsheet with 1 Pillow Cover Size 60 inch x 90 inch,"4.0 out of 5 stars
As good as it looks",4.0,"I liked that it was like the picture which was pretty good. Now the deciding factor will be how it does over time...
Read more"
MallowWorld Kids Cartoon Beautiful Teddy Print Kids Bedsheet 1 Single Bedsheet with 1 Pillow Cover Size 60 inch x 90 inch,"5.0 out of 5 stars
The print is really good ..its true to the size promised very soft.",5.0,"Very good .. loved it ..
Read more"
MallowWorld Kids Cartoon Beautiful Teddy Print Kids Bedsheet 1 Single Bedsheet with 1 Pillow Cover Size 60 inch x 90 inch,"4.0 out of 5 stars
Nice bedsheet",4.0,"Good product
Read more"
TrendRoad 144 TC Supersoft Glace Cotton Breathable and Wrinkle Free Premium Elastic Fitted Single Bedsheet with 1 Pillow C...,"5.0 out of 5 stars
Awesome üëç",5.0,"Quality of bedsheet is too good üëç worth to buy for this money
Read more"
TrendRoad 144 TC Supersoft Glace Cotton Breathable and Wrinkle Free Premium Elastic Fitted Single Bedsheet with 1 Pillow C...,"1.0 out of 5 stars
Not worth buying",1.0,"Not as shown in the picture..not of a good quality
Read more"
TrendRoad 144 TC Supersoft Glace Cotton Breathable and Wrinkle Free Premium Elastic Fitted Single Bedsheet with 1 Pillow C...,"1.0 out of 5 stars
Terrible quality",1.0,"Very thin material, terrible quality. Tore within a week
Read more"
TrendRoad 144 TC Supersoft Glace Cotton Breathable and Wrinkle Free Premium Elastic Fitted Single Bedsheet with 1 Pillow C...,"1.0 out of 5 stars
Poor quality",1.0,"Quality was not good..cloth looks like old
Read more"
Ketostics Premium Quilt Cover Double Bed with Zipper Blanket Cover / rajai Cover / Comforter Cover / Duvet Cover for singl...,"5.0 out of 5 stars
Great product!",5.0,"It actually looks more beautiful then the displayed picture. Just loved it!! It's perfect for my single bed blanket. Worth the price.
Read more"
Ketostics Premium Quilt Cover Double Bed with Zipper Blanket Cover / rajai Cover / Comforter Cover / Duvet Cover for singl...,"3.0 out of 5 stars
Very nice",3.0,"Nice print. Size is comfortable. Good zipper. For dark prints the colour bleeds.
Read more"
Ketostics Premium Quilt Cover Double Bed with Zipper Blanket Cover / rajai Cover / Comforter Cover / Duvet Cover for singl...,"4.0 out of 5 stars
Recommended, value for money",4.0,"Quality, look and size everything is co. Go for it. It's a good buy.
Read more"
Ketostics Premium Quilt Cover Double Bed with Zipper Blanket Cover / rajai Cover / Comforter Cover / Duvet Cover for singl...,"5.0 out of 5 stars
Wow amazing but I I wanted thick softy duvet what is this misleading outcry picture??!!!",5.0,"I wanted thick softy duvet what is this misleading outcry picture??!!!
Read more"
Ketostics Premium Quilt Cover Double Bed with Zipper Blanket Cover / rajai Cover / Comforter Cover / Duvet Cover for singl...,"1.0 out of 5 stars
This product came without a tag. Not professional behavior.",1.0,"Please check if the item has a tag  on it.usually we check on dresses but not on sheet covers.size is small.Cover without strings inside for tying quilt in place. Only 56.5 inches  and not 60""
Read more"
Ketostics Premium Quilt Cover Double Bed with Zipper Blanket Cover / rajai Cover / Comforter Cover / Duvet Cover for singl...,"5.0 out of 5 stars
Good",5.0,"I wasn't sure about glace material but once i used it in winters I realised its better than cotton as glace does not become as cold as cotton plus its softer than cotton too.
Read more"
Ketostics Premium Quilt Cover Double Bed with Zipper Blanket Cover / rajai Cover / Comforter Cover / Duvet Cover for singl...,"3.0 out of 5 stars
There are no ties in the cover corners, to tie it to the duvet. That's very disappointing.",3.0,"There were no ties in the duvet cover to tie ot to the duvet.That's Avery important feature in a duvet cover, and it's missing.Very disappointing
Read more"
Ketostics Premium Quilt Cover Double Bed with Zipper Blanket Cover / rajai Cover / Comforter Cover / Duvet Cover for singl...,"4.0 out of 5 stars
Nice",4.0,"Color is bit lighter than shown but overall looks good.
Read more"
SinghsVillas Decor Beautiful Kids Car Printed Cotton Bedsheet for Double Bed with 2 Pillow Covers Size - 90 x 100 Inches |...,"5.0 out of 5 stars
Awesome product.my kids liked it",5.0,"Softness is great and very colourful
Read more"
SinghsVillas Decor Beautiful Kids Car Printed Cotton Bedsheet for Double Bed with 2 Pillow Covers Size - 90 x 100 Inches |...,"4.0 out of 5 stars
Kids would love it, value for money",4.0,"Quality is good, looks sturdy still gives soft feeling.Design is also very unique.Material seems glocy cotton, although no tag attached to the sheet to display brand, material or washing instructions which is strange.
Read more"
SinghsVillas Decor Beautiful Kids Car Printed Cotton Bedsheet for Double Bed with 2 Pillow Covers Size - 90 x 100 Inches |...,"3.0 out of 5 stars
üëçüèªüëçüèª",3.0,Read more
SinghsVillas Decor Beautiful Kids Car Printed Cotton Bedsheet for Double Bed with 2 Pillow Covers Size - 90 x 100 Inches |...,"5.0 out of 5 stars
Great",5.0,"He loves it
Read more"
SinghsVillas Decor Beautiful Kids Car Printed Cotton Bedsheet for Double Bed with 2 Pillow Covers Size - 90 x 100 Inches |...,"5.0 out of 5 stars
Nice print",5.0,"The only demerit in the bedsheet is fabric quality which is not up to the mark. Otherwise print is awesome, color is nice, size too is great snd price range is also affordable.
Read more"
SinghsVillas Decor Beautiful Kids Car Printed Cotton Bedsheet for Double Bed with 2 Pillow Covers Size - 90 x 100 Inches |...,"1.0 out of 5 stars
Dont buy",1.0,"Its synthetic and not cotton so don't buy if u r luking for cotton bedsheet
Read more"
SinghsVillas Decor Beautiful Kids Car Printed Cotton Bedsheet for Double Bed with 2 Pillow Covers Size - 90 x 100 Inches |...,"4.0 out of 5 stars
Very goodin dis price",4.0,"Good quality..softness also der...
Read more"
SinghsVillas Decor Beautiful Kids Car Printed Cotton Bedsheet for Double Bed with 2 Pillow Covers Size - 90 x 100 Inches |...,"5.0 out of 5 stars
Very good product",5.0,"Comfort
Read more"
"Soulful Creations Cotton Khadi Khes, Comforter, Single AC Blanket (Multicolour, Standard)","5.0 out of 5 stars
good",5.0,"yes its good
Read more"
"Soulful Creations Cotton Khadi Khes, Comforter, Single AC Blanket (Multicolour, Standard)","4.0 out of 5 stars
Good one",4.0,"I ordered pink one but recived blue. Anyeays good material..so kept it.
Read more"
"Soulful Creations Cotton Khadi Khes, Comforter, Single AC Blanket (Multicolour, Standard)","4.0 out of 5 stars
Good product",4.0,"Good quality. The color sent to me was not red though.
Read more"
"Soulful Creations Cotton Khadi Khes, Comforter, Single AC Blanket (Multicolour, Standard)","3.0 out of 5 stars
Good product wrong colour",3.0,"Quality of the Khes is good but I got the different colour than I ordered
Read more"
BSB HOME¬Æ Premium Collections Elastic Fitted Bedsheets with 2 Pillow Covers Double Bed with All Around Elastic 180 TC Supe...,"5.0 out of 5 stars
Best product. Highly recommend. Nice color",5.0,"Nice fabric,  perfect size for the bed as described .beautiful .color and durable.
Read more"
BSB HOME¬Æ Premium Collections Elastic Fitted Bedsheets with 2 Pillow Covers Double Bed with All Around Elastic 180 TC Supe...,"4.0 out of 5 stars
Good product",4.0,"Good product in this price range.cloth is smooth.
Read more"
BSB HOME¬Æ Premium Collections Elastic Fitted Bedsheets with 2 Pillow Covers Double Bed with All Around Elastic 180 TC Supe...,"5.0 out of 5 stars
Quality good",5.0,"Liked this product soft and elastic fitted king size bed sheet.
Read more"
BSB HOME¬Æ Premium Collections Elastic Fitted Bedsheets with 2 Pillow Covers Double Bed with All Around Elastic 180 TC Supe...,"1.0 out of 5 stars
Very bad quality",1.0,"After one week apne aap hi fatne lagi fabric quality is very bad only size and fitting is good for king size bed, plz don't buy this bedsheet totally waste of money , I don't know why people give positive reviews for this very bad quality product, because i have also purchase after read the positive review, negative reviews are true
Read more"
BSB HOME¬Æ Premium Collections Elastic Fitted Bedsheets with 2 Pillow Covers Double Bed with All Around Elastic 180 TC Supe...,"3.0 out of 5 stars
Good Quality Bedsheet",3.0,"The product quality & colour is exactly same as in the photo reference. Really cotton fabric with bright design.
Read more"
BSB HOME¬Æ Premium Collections Elastic Fitted Bedsheets with 2 Pillow Covers Double Bed with All Around Elastic 180 TC Supe...,"5.0 out of 5 stars
Good quality and perfect fit",5.0,"It‚Äôs a perfect fit for my king size mattress. The fabric is of good quality and the colour looks nice.
Read more"
BSB HOME¬Æ Premium Collections Elastic Fitted Bedsheets with 2 Pillow Covers Double Bed with All Around Elastic 180 TC Supe...,"4.0 out of 5 stars
Quality is exactly the same as expected",4.0,"It's quality is very good as expected and colour is also good
Read more"
BSB HOME¬Æ Premium Collections Elastic Fitted Bedsheets with 2 Pillow Covers Double Bed with All Around Elastic 180 TC Supe...,"5.0 out of 5 stars
Worth buying",5.0,"bedsheet material is very soft and wrinkle free beautiful bed sheet at affordable price..
Read more"
"The White Willow Bed Wedge Pillow Cushion For Back Support & Sleeping (20""L x 20""W x 12""H) Acid reflux, GERD, Post Surger...","5.0 out of 5 stars
Awesome products",5.0,"These are good pillow covers. The size may not fit for a king size pillows...... Fabric is cotton,Cotton material usd was terrific, it fitted nicely in King size pillow! It‚Äôs worth money spent on it! Thank you Amazon
Read more"
"The White Willow Bed Wedge Pillow Cushion For Back Support & Sleeping (20""L x 20""W x 12""H) Acid reflux, GERD, Post Surger...","4.0 out of 5 stars
Perfect one with reasonable price",4.0,"My dad had trouble breathing and acid reflex problem. Initially was skeptical about the product, but anyway went ahead to buy as similar products in amazon US costs much and takes long time to deliver. Using this for last 2-3 weeks and the observations are1. Snoring has reduced2. Back feels better after sleeping in this position3. Also Really good cover material used.IMO You should go for it.
Read more"
"The White Willow Bed Wedge Pillow Cushion For Back Support & Sleeping (20""L x 20""W x 12""H) Acid reflux, GERD, Post Surger...","5.0 out of 5 stars
Must buy",5.0,"Very nice case must buy fabric quality is very soft feels live velvet and its washable zip is also very good must buy cover
Read more"
"The White Willow Bed Wedge Pillow Cushion For Back Support & Sleeping (20""L x 20""W x 12""H) Acid reflux, GERD, Post Surger...","1.0 out of 5 stars
Uncomfortable to use and poor quality material.",1.0,"It feels very uncomfortable to use it. The foam is very tight. Stitching quality is very poor.
Read more"
"The White Willow Bed Wedge Pillow Cushion For Back Support & Sleeping (20""L x 20""W x 12""H) Acid reflux, GERD, Post Surger...","3.0 out of 5 stars
Just OK compared to my older buy",3.0,"I bot the smaller size pillow earlier. It was awesome.  However this bigger size is more softer and does not meet the height requirement. I need an elevated pillow, however this is so soft that the elevation is not being met.  Also it was not packaged will this time.  The pillow extension was folded and I had hard time putting it back in shape.
Read more"
"The White Willow Bed Wedge Pillow Cushion For Back Support & Sleeping (20""L x 20""W x 12""H) Acid reflux, GERD, Post Surger...","5.0 out of 5 stars
Best for stomach sleepers",5.0,"Firm pillow with height i desire. Works best for back support for long sittings
Read more"
"The White Willow Bed Wedge Pillow Cushion For Back Support & Sleeping (20""L x 20""W x 12""H) Acid reflux, GERD, Post Surger...","4.0 out of 5 stars
Good product",4.0,"Good product.
Read more"
"The White Willow Bed Wedge Pillow Cushion For Back Support & Sleeping (20""L x 20""W x 12""H) Acid reflux, GERD, Post Surger...","5.0 out of 5 stars
Awesome product",5.0,"Beautiful pillow covers They add a nice pop of color to my living room, and the fabric feels very durable. Great quality for the price.
Read more"
